deadline_ms,workload,policy,accuracy,macro_f1,anomaly_fn_rate,model_switch_rate,avg_host_latency_us,p95_host_latency_us,p99_host_latency_us,deadline_compliance,time_in_FAST,time_in_BALANCED,time_in_HIGH_FIDELITY,total_switches,evidence_category
5,LOW,ACCURACY_PRIORITY,0.751875,0.7390479285714084,0.002375,0.0,5.319513556819498,8.600000001024455,12.222487866568736,1.0,0.0,0.0,1.0,0,TRACE-DRIVEN HOST SIMULATION
5,LOW,BALANCED,0.751875,0.7390479285714084,0.002375,0.0,5.148114280123239,8.147087282817628,12.06096989968014,1.0,0.0,0.0,1.0,0,TRACE-DRIVEN HOST SIMULATION
5,LOW,DEADLINE_PRIORITY,0.7482142857142857,0.7562507244318081,0.0,8.928571428571429e-05,4.883411297362021,7.812719804329261,11.683722294226316,1.0,0.0,1.0,0.0,1,TRACE-DRIVEN HOST SIMULATION
5,LOW,COMPUTE_PRIORITY,0.7482142857142857,0.7562507244318081,0.0,8.928571428571429e-05,5.298400782711831,7.898814129847528,13.801000033026888,1.0,0.0,1.0,0.0,1,TRACE-DRIVEN HOST SIMULATION
5,MEDIUM,ACCURACY_PRIORITY,0.751875,0.7390479285714084,0.002375,0.0,7.094625909939056,10.43414212972765,17.35082146993967,1.0,0.0,0.0,1.0,0,TRACE-DRIVEN HOST SIMULATION
5,MEDIUM,BALANCED,0.751875,0.7390479285714084,0.002375,0.0,6.901914817156742,10.121583386594018,17.45998830734913,1.0,0.0,0.0,1.0,0,TRACE-DRIVEN HOST SIMULATION
5,MEDIUM,DEADLINE_PRIORITY,0.7482142857142857,0.7562507244318081,0.0,8.928571428571429e-05,6.606495148862616,8.868243077282447,14.448434904348488,1.0,0.0,1.0,0.0,1,TRACE-DRIVEN HOST SIMULATION
5,MEDIUM,COMPUTE_PRIORITY,0.7482142857142857,0.7562507244318081,0.0,8.928571428571429e-05,7.038477959820666,10.984654553382779,17.660886054896558,1.0,0.0,1.0,0.0,1,TRACE-DRIVEN HOST SIMULATION
5,HIGH,ACCURACY_PRIORITY,0.751875,0.7390479285714084,0.002375,0.0,13.018410625769084,18.910277098529804,26.293509478913368,1.0,0.0,0.0,1.0,0,TRACE-DRIVEN HOST SIMULATION
5,HIGH,BALANCED,0.7482142857142857,0.7562507244318081,0.0,8.928571428571429e-05,14.083674578132934,22.093444102143856,36.04738140382469,1.0,0.0,1.0,0.0,1,TRACE-DRIVEN HOST SIMULATION
5,HIGH,DEADLINE_PRIORITY,0.7482142857142857,0.7562507244318081,0.0,8.928571428571429e-05,13.636420311585892,19.464065348072303,28.76405828684558,1.0,0.0,1.0,0.0,1,TRACE-DRIVEN HOST SIMULATION
5,HIGH,COMPUTE_PRIORITY,0.7482142857142857,0.7562507244318081,0.0,8.928571428571429e-05,14.275513046586452,22.027458976659233,32.414178349141146,1.0,0.0,1.0,0.0,1,TRACE-DRIVEN HOST SIMULATION
5,BURST,ACCURACY_PRIORITY,0.751875,0.7390479285714084,0.002375,0.0,23.979816015066827,41.2458842516249,70.57414474839204,1.0,0.0,0.0,1.0,0,TRACE-DRIVEN HOST SIMULATION
5,BURST,BALANCED,0.7482142857142857,0.7562507244318081,0.0,8.928571428571429e-05,23.15978420742126,38.42918175630341,59.29084935590172,1.0,0.0,1.0,0.0,1,TRACE-DRIVEN HOST SIMULATION
5,BURST,DEADLINE_PRIORITY,0.7160714285714286,0.7217814141564627,0.014,8.928571428571429e-05,23.362352653434936,41.201645182093806,68.42397515106991,1.0,1.0,0.0,0.0,1,TRACE-DRIVEN HOST SIMULATION
5,BURST,COMPUTE_PRIORITY,0.7160714285714286,0.7217814141564627,0.014,8.928571428571429e-05,21.32408417421069,35.26798329955367,44.893934778840354,1.0,1.0,0.0,0.0,1,TRACE-DRIVEN HOST SIMULATION
10,LOW,ACCURACY_PRIORITY,0.751875,0.7390479285714084,0.002375,0.0,4.774574325544641,5.9627394710247055,10.299999985363684,1.0,0.0,0.0,1.0,0,TRACE-DRIVEN HOST SIMULATION
10,LOW,BALANCED,0.751875,0.7390479285714084,0.002375,0.0,4.761211262545207,6.691832806225723,9.500000032858225,1.0,0.0,0.0,1.0,0,TRACE-DRIVEN HOST SIMULATION
10,LOW,DEADLINE_PRIORITY,0.7482142857142857,0.7562507244318081,0.0,8.928571428571429e-05,4.711445180750547,5.798050974599947,10.477498073777838,1.0,0.0,1.0,0.0,1,TRACE-DRIVEN HOST SIMULATION
10,LOW,COMPUTE_PRIORITY,0.7482142857142857,0.7562507244318081,0.0,8.928571428571429e-05,4.6650552301399335,5.695152536007596,10.000583779145883,1.0,0.0,1.0,0.0,1,TRACE-DRIVEN HOST SIMULATION
10,MEDIUM,ACCURACY_PRIORITY,0.751875,0.7390479285714084,0.002375,0.0,6.79957547804768,9.139535828565368,15.35386499284592,1.0,0.0,0.0,1.0,0,TRACE-DRIVEN HOST SIMULATION
10,MEDIUM,BALANCED,0.751875,0.7390479285714084,0.002375,0.0,6.926809266182026,9.542825201626405,16.874369315508677,1.0,0.0,0.0,1.0,0,TRACE-DRIVEN HOST SIMULATION
10,MEDIUM,DEADLINE_PRIORITY,0.7482142857142857,0.7562507244318081,0.0,8.928571428571429e-05,6.817167809028845,9.202663694503018,15.109845492302188,1.0,0.0,1.0,0.0,1,TRACE-DRIVEN HOST SIMULATION
10,MEDIUM,COMPUTE_PRIORITY,0.7482142857142857,0.7562507244318081,0.0,8.928571428571429e-05,6.640134336298844,8.83034843577697,14.414818719275178,1.0,0.0,1.0,0.0,1,TRACE-DRIVEN HOST SIMULATION
10,HIGH,ACCURACY_PRIORITY,0.751875,0.7390479285714084,0.002375,0.0,13.372659358598233,19.654313929526,32.21909618288399,1.0,0.0,0.0,1.0,0,TRACE-DRIVEN HOST SIMULATION
10,HIGH,BALANCED,0.7482142857142857,0.7562507244318081,0.0,8.928571428571429e-05,14.08688701539472,22.728781054282727,36.21329286588259,1.0,0.0,1.0,0.0,1,TRACE-DRIVEN HOST SIMULATION
10,HIGH,DEADLINE_PRIORITY,0.7482142857142857,0.7562507244318081,0.0,8.928571428571429e-05,13.230417245938222,19.213629685505136,28.71998086789921,1.0,0.0,1.0,0.0,1,TRACE-DRIVEN HOST SIMULATION
10,HIGH,COMPUTE_PRIORITY,0.7482142857142857,0.7562507244318081,0.0,8.928571428571429e-05,13.378894876580103,19.260908558161773,28.793622294222395,1.0,0.0,1.0,0.0,1,TRACE-DRIVEN HOST SIMULATION
10,BURST,ACCURACY_PRIORITY,0.751875,0.7390479285714084,0.002375,0.0,24.02291052512506,40.85711935094903,73.27151844992395,1.0,0.0,0.0,1.0,0,TRACE-DRIVEN HOST SIMULATION
10,BURST,BALANCED,0.7482142857142857,0.7562507244318081,0.0,8.928571428571429e-05,23.206335010349786,38.15342983681194,56.66598123293076,1.0,0.0,1.0,0.0,1,TRACE-DRIVEN HOST SIMULATION
10,BURST,DEADLINE_PRIORITY,0.7160714285714286,0.7217814141564627,0.014,8.928571428571429e-05,22.57763594257164,37.851389339026156,55.41354040067337,1.0,1.0,0.0,0.0,1,TRACE-DRIVEN HOST SIMULATION
10,BURST,COMPUTE_PRIORITY,0.7160714285714286,0.7217814141564627,0.014,8.928571428571429e-05,23.122120934079835,40.20841925694587,60.88169320981734,1.0,1.0,0.0,0.0,1,TRACE-DRIVEN HOST SIMULATION
20,LOW,ACCURACY_PRIORITY,0.751875,0.7390479285714084,0.002375,0.0,4.78468315865802,6.567198624320603,10.499999917783498,1.0,0.0,0.0,1.0,0,TRACE-DRIVEN HOST SIMULATION
20,LOW,BALANCED,0.751875,0.7390479285714084,0.002375,0.0,4.9659850603367435,7.699999969190685,11.699999959091656,1.0,0.0,0.0,1.0,0,TRACE-DRIVEN HOST SIMULATION
20,LOW,DEADLINE_PRIORITY,0.7482142857142857,0.7562507244318081,0.0,8.928571428571429e-05,4.833654407205696,6.600000006073969,11.500537122041319,1.0,0.0,1.0,0.0,1,TRACE-DRIVEN HOST SIMULATION
20,LOW,COMPUTE_PRIORITY,0.7482142857142857,0.7562507244318081,0.0,8.928571428571429e-05,4.65889510683891,5.80000005356851,9.043602283454199,1.0,0.0,1.0,0.0,1,TRACE-DRIVEN HOST SIMULATION
20,MEDIUM,ACCURACY_PRIORITY,0.751875,0.7390479285714084,0.002375,0.0,6.884735607751455,9.701394581352764,14.59382135331815,1.0,0.0,0.0,1.0,0,TRACE-DRIVEN HOST SIMULATION
20,MEDIUM,BALANCED,0.751875,0.7390479285714084,0.002375,0.0,6.874064787121201,9.226120644530322,15.562915642446855,1.0,0.0,0.0,1.0,0,TRACE-DRIVEN HOST SIMULATION
20,MEDIUM,DEADLINE_PRIORITY,0.7482142857142857,0.7562507244318081,0.0,8.928571428571429e-05,6.83251511667803,9.320801660872048,14.500589541800265,1.0,0.0,1.0,0.0,1,TRACE-DRIVEN HOST SIMULATION
20,MEDIUM,COMPUTE_PRIORITY,0.7482142857142857,0.7562507244318081,0.0,8.928571428571429e-05,6.870936866858107,9.22891217803875,15.96596513815506,1.0,0.0,1.0,0.0,1,TRACE-DRIVEN HOST SIMULATION
20,HIGH,ACCURACY_PRIORITY,0.751875,0.7390479285714084,0.002375,0.0,14.200124318349058,21.73059781243849,40.94293464279875,1.0,0.0,0.0,1.0,0,TRACE-DRIVEN HOST SIMULATION
20,HIGH,BALANCED,0.7482142857142857,0.7562507244318081,0.0,8.928571428571429e-05,14.0384450104738,22.629212968385776,36.197200347669245,1.0,0.0,1.0,0.0,1,TRACE-DRIVEN HOST SIMULATION
20,HIGH,DEADLINE_PRIORITY,0.7482142857142857,0.7562507244318081,0.0,8.928571428571429e-05,13.902659064694802,20.381406523902598,30.24203936754662,1.0,0.0,1.0,0.0,1,TRACE-DRIVEN HOST SIMULATION
20,HIGH,COMPUTE_PRIORITY,0.7482142857142857,0.7562507244318081,0.0,8.928571428571429e-05,13.264162998572704,19.379690777790447,30.794125315510612,1.0,0.0,1.0,0.0,1,TRACE-DRIVEN HOST SIMULATION
20,BURST,ACCURACY_PRIORITY,0.751875,0.7390479285714084,0.002375,0.0,22.94388771580239,37.26523027268759,53.79509748813753,1.0,0.0,0.0,1.0,0,TRACE-DRIVEN HOST SIMULATION
20,BURST,BALANCED,0.7482142857142857,0.7562507244318081,0.0,8.928571428571429e-05,23.612318631872686,39.35200072485497,65.87742233489756,1.0,0.0,1.0,0.0,1,TRACE-DRIVEN HOST SIMULATION
20,BURST,DEADLINE_PRIORITY,0.7160714285714286,0.7217814141564627,0.014,8.928571428571429e-05,22.186717048280112,36.73516665156204,49.084752510968634,1.0,1.0,0.0,0.0,1,TRACE-DRIVEN HOST SIMULATION
20,BURST,COMPUTE_PRIORITY,0.7160714285714286,0.7217814141564627,0.014,8.928571428571429e-05,23.701644963739962,40.87198505685402,64.16673671113416,1.0,1.0,0.0,0.0,1,TRACE-DRIVEN HOST SIMULATION
50,LOW,ACCURACY_PRIORITY,0.751875,0.7390479285714084,0.002375,0.0,4.774623492364522,5.900000019209983,10.900233664390159,1.0,0.0,0.0,1.0,0,TRACE-DRIVEN HOST SIMULATION
50,LOW,BALANCED,0.751875,0.7390479285714084,0.002375,0.0,4.769352812952018,6.099999950492929,10.543124849508795,1.0,0.0,0.0,1.0,0,TRACE-DRIVEN HOST SIMULATION
50,LOW,DEADLINE_PRIORITY,0.7482142857142857,0.7562507244318081,0.0,8.928571428571429e-05,4.787998437624573,7.2999999929379555,11.560540463196562,1.0,0.0,1.0,0.0,1,TRACE-DRIVEN HOST SIMULATION
50,LOW,COMPUTE_PRIORITY,0.7482142857142857,0.7562507244318081,0.0,8.928571428571429e-05,4.755075519113315,6.5000000404324965,10.335099118813226,1.0,0.0,1.0,0.0,1,TRACE-DRIVEN HOST SIMULATION
50,MEDIUM,ACCURACY_PRIORITY,0.751875,0.7390479285714084,0.002375,0.0,6.908063336048134,9.556311460492479,15.500221294174189,1.0,0.0,0.0,1.0,0,TRACE-DRIVEN HOST SIMULATION
50,MEDIUM,BALANCED,0.751875,0.7390479285714084,0.002375,0.0,6.860016325377043,9.285352492736694,16.364056289226657,1.0,0.0,0.0,1.0,0,TRACE-DRIVEN HOST SIMULATION
50,MEDIUM,DEADLINE_PRIORITY,0.7482142857142857,0.7562507244318081,0.0,8.928571428571429e-05,6.9129883560450445,9.27417147640039,17.32942797650495,1.0,0.0,1.0,0.0,1,TRACE-DRIVEN HOST SIMULATION
50,MEDIUM,COMPUTE_PRIORITY,0.7482142857142857,0.7562507244318081,0.0,8.928571428571429e-05,6.885346443676682,9.149337369622998,16.180668903654897,1.0,0.0,1.0,0.0,1,TRACE-DRIVEN HOST SIMULATION
50,HIGH,ACCURACY_PRIORITY,0.751875,0.7390479285714084,0.002375,0.0,14.369280114905205,21.73008287647278,34.7333660256573,1.0,0.0,0.0,1.0,0,TRACE-DRIVEN HOST SIMULATION
50,HIGH,BALANCED,0.7482142857142857,0.7562507244318081,0.0,8.928571428571429e-05,13.900712289211619,21.60028227765493,34.024087252380916,1.0,0.0,1.0,0.0,1,TRACE-DRIVEN HOST SIMULATION
50,HIGH,DEADLINE_PRIORITY,0.7482142857142857,0.7562507244318081,0.0,8.928571428571429e-05,12.874100453527047,18.481087704404317,23.485150979045464,1.0,0.0,1.0,0.0,1,TRACE-DRIVEN HOST SIMULATION
50,HIGH,COMPUTE_PRIORITY,0.7482142857142857,0.7562507244318081,0.0,8.928571428571429e-05,13.82341155505518,20.74702748376491,32.17979558397286,1.0,0.0,1.0,0.0,1,TRACE-DRIVEN HOST SIMULATION
50,BURST,ACCURACY_PRIORITY,0.751875,0.7390479285714084,0.002375,0.0,22.876545674008668,38.07067950485762,60.35584679891442,1.0,0.0,0.0,1.0,0,TRACE-DRIVEN HOST SIMULATION
50,BURST,BALANCED,0.7482142857142857,0.7562507244318081,0.0,8.928571428571429e-05,22.47159752105746,36.803169591990766,52.79643794154971,1.0,0.0,1.0,0.0,1,TRACE-DRIVEN HOST SIMULATION
50,BURST,DEADLINE_PRIORITY,0.7160714285714286,0.7217814141564627,0.014,8.928571428571429e-05,23.335768383745815,39.0162363319761,61.232938989334514,1.0,1.0,0.0,0.0,1,TRACE-DRIVEN HOST SIMULATION
50,BURST,COMPUTE_PRIORITY,0.7160714285714286,0.7217814141564627,0.014,8.928571428571429e-05,23.21110325949423,38.821922706718425,72.28567181473183,1.0,1.0,0.0,0.0,1,TRACE-DRIVEN HOST SIMULATION
100,LOW,ACCURACY_PRIORITY,0.751875,0.7390479285714084,0.002375,0.0,4.86081002184104,6.629780013923321,11.500042335194484,1.0,0.0,0.0,1.0,0,TRACE-DRIVEN HOST SIMULATION
100,LOW,BALANCED,0.751875,0.7390479285714084,0.002375,0.0,4.908831845276276,7.000000096013537,11.591861730496351,1.0,0.0,0.0,1.0,0,TRACE-DRIVEN HOST SIMULATION
100,LOW,DEADLINE_PRIORITY,0.7482142857142857,0.7562507244318081,0.0,8.928571428571429e-05,4.831067114090923,6.77212976664171,10.965948068900214,1.0,0.0,1.0,0.0,1,TRACE-DRIVEN HOST SIMULATION
100,LOW,COMPUTE_PRIORITY,0.7482142857142857,0.7562507244318081,0.0,8.928571428571429e-05,4.841161114945182,6.600000006073969,10.282188083555194,1.0,0.0,1.0,0.0,1,TRACE-DRIVEN HOST SIMULATION
100,MEDIUM,ACCURACY_PRIORITY,0.751875,0.7390479285714084,0.002375,0.0,7.095712496632067,11.103093108127897,16.98826613445946,1.0,0.0,0.0,1.0,0,TRACE-DRIVEN HOST SIMULATION
100,MEDIUM,BALANCED,0.751875,0.7390479285714084,0.002375,0.0,6.899098044774959,9.095975112299373,19.77454812069179,1.0,0.0,0.0,1.0,0,TRACE-DRIVEN HOST SIMULATION
100,MEDIUM,DEADLINE_PRIORITY,0.7482142857142857,0.7562507244318081,0.0,8.928571428571429e-05,6.9467178251758055,9.50179344561072,16.66706461956779,1.0,0.0,1.0,0.0,1,TRACE-DRIVEN HOST SIMULATION
100,MEDIUM,COMPUTE_PRIORITY,0.7482142857142857,0.7562507244318081,0.0,8.928571428571429e-05,7.03561459733574,9.592237589066125,18.598463877417835,1.0,0.0,1.0,0.0,1,TRACE-DRIVEN HOST SIMULATION
100,HIGH,ACCURACY_PRIORITY,0.751875,0.7390479285714084,0.002375,0.0,13.702976562053406,19.524380900704323,33.12580336596577,1.0,0.0,0.0,1.0,0,TRACE-DRIVEN HOST SIMULATION
100,HIGH,BALANCED,0.7482142857142857,0.7562507244318081,0.0,8.928571428571429e-05,15.109778518206861,23.560169496901594,39.25077777932385,1.0,0.0,1.0,0.0,1,TRACE-DRIVEN HOST SIMULATION
100,HIGH,DEADLINE_PRIORITY,0.7482142857142857,0.7562507244318081,0.0,8.928571428571429e-05,13.620434026900572,19.846879590173835,30.57556354796241,1.0,0.0,1.0,0.0,1,TRACE-DRIVEN HOST SIMULATION
100,HIGH,COMPUTE_PRIORITY,0.7482142857142857,0.7562507244318081,0.0,8.928571428571429e-05,13.77372050378086,20.481295432103174,41.063485585736636,1.0,0.0,1.0,0.0,1,TRACE-DRIVEN HOST SIMULATION
100,BURST,ACCURACY_PRIORITY,0.751875,0.7390479285714084,0.002375,0.0,22.151361004405693,36.86474647508837,53.55603787866544,1.0,0.0,0.0,1.0,0,TRACE-DRIVEN HOST SIMULATION
100,BURST,BALANCED,0.7482142857142857,0.7562507244318081,0.0,8.928571428571429e-05,21.953286132375485,36.74233377295448,53.33964582215669,1.0,0.0,1.0,0.0,1,TRACE-DRIVEN HOST SIMULATION
100,BURST,DEADLINE_PRIORITY,0.7160714285714286,0.7217814141564627,0.014,8.928571428571429e-05,22.02934315751771,36.819162349212085,50.252657234580695,1.0,1.0,0.0,0.0,1,TRACE-DRIVEN HOST SIMULATION
100,BURST,COMPUTE_PRIORITY,0.7160714285714286,0.7217814141564627,0.014,8.928571428571429e-05,22.389752512625414,37.29985988229245,56.59425223016353,1.0,1.0,0.0,0.0,1,TRACE-DRIVEN HOST SIMULATION
